well,i,j,open_connection_count,used_connection_count,well_activity_status,overall_hm_score,overall_hm_class,water_hm_score,water_hm_class,water_status,water_negligible_match,water_direction,water_timing_issue,water_breakthrough_delta_days,sim_water_breakthrough_date,hist_water_breakthrough_date,water_full_trend_score,water_recent_2yr_score,water_final_score,water_max_sim_signal,water_max_hist_signal,oil_hm_score,oil_hm_class,oil_status,oil_negligible_match,oil_max_sim_signal,oil_max_hist_signal,gas_hm_score,gas_hm_class,gas_status,gas_negligible_match,gas_max_sim_signal,gas_max_hist_signal,bhp_hm_score,bhp_hm_class,bhp_status,mean_tran_h,max_tran_h,wellconn_weighted_tran_h,kh_weighted_tran_h,mean_tran_z,max_tran_z,mean_mult_h,max_mult_h,mean_mult_z,max_mult_z,mean_perm_h,max_perm_h,mean_perm_z,max_perm_z,mean_swat_init,mean_swat_eoh,delta_swat,mean_soil_init,mean_soil_eoh,delta_soil,mean_sgas_init,mean_sgas_eoh,delta_sgas,mean_pressure_init,mean_pressure_eoh,delta_pressure,mean_poro,mean_poro_mult,wellconn_total_transmissibility,wellconn_mean_transmissibility,wellconn_max_transmissibility,wellconn_total_kh,wellconn_mean_kh,mean_tran_h_percentile,max_tran_h_percentile,wellconn_weighted_tran_h_percentile,kh_weighted_tran_h_percentile,wellconn_total_transmissibility_percentile,wellconn_mean_transmissibility_percentile,wellconn_max_transmissibility_percentile,mean_tran_z_percentile,mean_mult_h_percentile,max_mult_h_percentile,mean_mult_z_percentile,max_mult_z_percentile,mean_perm_h_percentile,mean_perm_z_percentile,mean_swat_eoh_percentile,delta_swat_percentile,mean_pressure_eoh_percentile,delta_pressure_percentile,wellconn_total_kh_percentile,mean_poro_percentile,mean_poro_mult_percentile,oil_profile_basis,producer_activity_status,hm_evaluable,oil_direction,oil_rate_direction,oil_cum_direction,oil_rate_recent_direction,oil_timing_issue,sim_oil_active_start_date,hist_oil_active_start_date,oil_active_start_delta_days,sim_oil_final_rate,hist_oil_final_rate,oil_rate_final_delta,oil_rate_final_delta_pct,sim_oil_final_cum,hist_oil_final_cum,oil_cum_final_delta,oil_cum_final_delta_pct,oil_rate_mean_delta_full,oil_rate_mean_bias_pct_full,oil_rate_mean_delta_recent_2yr,oil_rate_mean_bias_pct_recent_2yr,wopr_key,woprh_key,wopt_key,wopth_key,gas_profile_basis,gas_direction,gas_timing_issue,gas_breakthrough_delta_days,sim_gas_breakthrough_date,hist_gas_breakthrough_date,wgpr_key,wgprh_key,wgor_key,wgorh_key,gas_rate_direction,gas_rate_timing_issue,gas_rate_breakthrough_delta_days,sim_gas_rate_breakthrough_date,hist_gas_rate_breakthrough_date,gor_direction,gor_timing_issue,gor_breakthrough_delta_days,sim_gor_breakthrough_date,hist_gor_breakthrough_date,gor_max_sim_signal,gor_max_hist_signal,bhp_profile_status,bhp_sim_key,bhp_hist_key,bhp_direction,bhp_final_direction,bhp_full_profile_direction,bhp_recent_2yr_direction,sim_bhp_final,hist_bhp_final,bhp_final_delta,bhp_final_delta_pct,bhp_mean_delta_full,bhp_mean_abs_delta_full,bhp_mean_bias_pct_full,bhp_mean_delta_recent_2yr,bhp_mean_abs_delta_recent_2yr,bhp_mean_bias_pct_recent_2yr,bhp_observed_available,bhp_observed_key,max_observed_bhp,overall_score_variables_used,overall_score_variables_skipped,well_role,has_producer_evidence,has_injector_evidence,active_producer,inactive_producer_zero_oil_history,active_injector,inactive_injector_zero_injection_history,injector_activity_status,exclude_from_hm,exclusion_reason,max_observed_oil_rate,max_simulated_oil_rate,max_observed_water_inj_rate,max_observed_gas_inj_rate,max_observed_injection_rate,max_simulated_water_inj_rate,max_simulated_gas_inj_rate,max_simulated_injection_rate,wwirh_key,wgirh_key,wwir_key,wgir_key,active_oil_rate_threshold,active_injection_rate_threshold
HW-10,29.0,143.0,62,62,active_or_partially_active,69.58,Fair,13.12,Poor,evaluated,False,simulated_too_low,breakthrough_timing_close,0,1996-02-02 00:00:00,1996-02-02 00:00:00,12.39,8.88,21.32,,,100.0,Good,evaluated,False,,,98.45,Good,evaluated,False,1977.7122802734375,1918.47265625,66.75,Fair,evaluated,0.022194256369832282,0.4129873297569236,0.1606976045078481,0.16069759366423308,1424.434907625,15810.96484,1.0,1.0,1.0,1.0,8.191956416904839,140.6468506,8.191956416904839,140.6468506,0.7372882432572581,0.7402172803637096,0.0029290371064515375,0.2627117549440705,0.25978271876958264,-0.0029290361744878646,0.0,0.0,0.0,4227.519980193549,4078.9436704193545,-148.57630977419421,0.22232570571000002,1.0,1.418927977172414,0.022885935115684094,0.380931756895,1252.881661993131,20.207768741824694,40.0,46.67,46.67,46.67,40.0,40.0,46.67,46.67,100.0,100.0,100.0,100.0,46.67,46.67,53.33,80.0,80.0,80.0,40.0,73.33,100.0,final_rate,active_producer_observed_oil,True,final_value_close,final_value_close,final_value_close,profile_bias_close,oil_start_timing_close,1996-02-02 00:00:00,1996-02-02 00:00:00,0,72.74170684814453,72.74170684814453,0.0,0.0,7619245.0,7619245.0,0.0,0.0,-2.539676168690557e-06,-3.4588405670174606e-07,-2.5431315104166665e-06,-3.022491526888933e-06,WOPR:HW-10,WOPRH:HW-10,WOPT:HW-10,WOPTH:HW-10,GOR,final_value_close,breakthrough_timing_close,0,1996-02-02 00:00:00,1996-02-02 00:00:00,WGPR:HW-10,WGPRH:HW-10,WGOR:HW-10,WGORH:HW-10,final_value_close,breakthrough_timing_close,0,1996-02-02 00:00:00,1996-02-02 00:00:00,final_value_close,breakthrough_timing_close,0,1996-02-02 00:00:00,1996-02-02 00:00:00,0.7540000081062317,0.7314149737358093,evaluated,WBHP:HW-10,WBHPH:HW-10,simulated_pressure_too_high,simulated_pressure_too_high,profile_bias_close,simulated_pressure_too_high,4000.238037109375,2505.966064453125,1494.27197265625,37.354576372560835,42.74277131453805,402.5013109290081,1.3333479900659706,1491.6796569824219,1491.6796569824219,59.690225647439334,True,WBHPH:HW-10,4366.65234375,"oil,water,gas,bhp",,producer_injector,True,True,True,False,False,True,inactive_injector_zero_injection_history,False,,2622.960693359375,2622.960693359375,0.0,0.0,0.0,0.0,0.0,0.0,WWIRH:HW-10,WGIRH:HW-10,WWIR:HW-10,WGIR:HW-10,5.0,5.0
HW-24,149.0,71.0,62,62,active_or_partially_active,83.45,Good,59.75,Poor,evaluated,False,final_value_close,early_breakthrough,-4656,1996-02-02 00:00:00,2008-11-01 00:00:00,68.37,52.08,49.7,,,100.0,Good,evaluated,False,,,98.45,Good,evaluated,False,2346.523681640625,2276.23681640625,75.6,Fair,evaluated,0.023310639866843993,0.27605747833447175,0.08301217032332164,0.0830121722420885,1382.7166120054837,4757.549805,1.0,1.0,1.0,1.0,7.191382684312903,94.10987854,7.191382684312903,94.10987854,0.3428324726532258,0.345357686516129,0.0025252138629032195,0.6571675248936198,0.6546423157560464,-0.002525209137573481,0.0,0.0,0.0,4199.2893853709675,3563.645818951613,-635.6435664193546,0.21435079206387098,1.0,1.533022842484173,0.024726174878776982,0.310860086449,1353.629296012336,21.832730580844128,46.67,40.0,33.33,33.33,46.67,46.67,40.0,40.0,100.0,100.0,100.0,100.0,40.0,40.0,46.67,73.33,13.33,13.33,46.67,53.33,100.0,final_rate,active_producer_observed_oil,True,final_value_close,final_value_close,final_value_close,profile_bias_close,oil_start_timing_close,1996-02-02 00:00:00,1996-02-02 00:00:00,0,663.6625366210938,663.6625366210938,0.0,0.0,12303829.0,12303829.0,0.0,0.0,0.0,0.0,0.0,0.0,WOPR:HW-24,WOPRH:HW-24,WOPT:HW-24,WOPTH:HW-24,GOR,final_value_close,breakthrough_timing_close,0,1996-02-02 00:00:00,1996-02-02 00:00:00,WGPR:HW-24,WGPRH:HW-24,WGOR:HW-24,WGORH:HW-24,final_value_close,breakthrough_timing_close,0,1996-02-02 00:00:00,1996-02-02 00:00:00,final_value_close,breakthrough_timing_close,0,1996-02-02 00:00:00,1996-02-02 00:00:00,0.7540000081062317,0.7314149737358093,evaluated,WBHP:HW-24,WBHPH:HW-24,simulated_pressure_too_high,simulated_pressure_too_high,profile_bias_close,simulated_pressure_too_high,3170.442626953125,2503.845947265625,666.5966796875,21.02535065673515,60.43901758608611,367.1086376024329,2.1485225168395874,673.6315409342448,673.6315409342448,26.934686024869915,True,WBHPH:HW-24,3302.9677734375,"oil,water,gas,bhp",,producer_injector,True,True,True,False,False,True,inactive_injector_zero_injection_history,False,,3112.100341796875,3112.100341796875,0.0,0.0,0.0,0.0,0.0,0.0,WWIRH:HW-24,WGIRH:HW-24,WWIR:HW-24,WGIR:HW-24,5.0,5.0
HW-25,147.0,54.0,62,62,active_or_partially_active,65.23,Fair,0.0,Poor,evaluated,False,unknown,no_breakthrough_detected,,,,0.0,0.0,0.0,16.603647232055664,1.8968030214309692,100.0,Good,evaluated,False,,,95.43,Good,evaluated,False,1976.5728759765625,1917.367431640625,65.48,Fair,evaluated,0.01136583074099192,0.05865530674562156,0.02287644194984658,0.0228764420480324,898.960621661129,4009.338867,1.0,1.0,1.0,1.0,3.6179569684451613,21.13212395,3.6179569684451613,21.13212395,0.15561082370741935,0.15704453881,0.0014337151025806405,0.8443891805080644,0.8418570314709678,-0.0025321490370966426,0.0,0.0010984288829032258,0.0010984288829032258,4170.226924790322,3569.9920457258067,-600.2348790645156,0.2020295030996774,1.0,0.734941835187474,0.011853900567539903,0.0667561539248,648.940257721811,10.46677835035179,26.67,20.0,20.0,20.0,33.33,33.33,20.0,33.33,100.0,100.0,100.0,100.0,26.67,26.67,26.67,66.67,20.0,20.0,33.33,40.0,100.0,final_rate,active_producer_observed_oil,True,final_value_close,final_value_close,final_value_close,profile_bias_close,oil_start_timing_close,1996-02-02 00:00:00,1996-02-02 00:00:00,0,321.6238098144531,321.6238098144531,0.0,0.0,11857086.0,11857087.0,-1.0,-8.433774669950555e-06,-2.3551609205163043e-05,-2.1137282797415464e-06,0.0,0.0,WOPR:HW-25,WOPRH:HW-25,WOPT:HW-25,WOPTH:HW-25,GOR,final_value_close,breakthrough_timing_close,0,1996-02-02 00:00:00,1996-02-02 00:00:00,WGPR:HW-25,WGPRH:HW-25,WGOR:HW-25,WGORH:HW-25,final_value_close,breakthrough_timing_close,0,1996-02-02 00:00:00,1996-02-02 00:00:00,final_value_close,breakthrough_timing_close,0,1996-02-02 00:00:00,1996-02-02 00:00:00,0.8367854952812195,0.7314149737358093,evaluated,WBHP:HW-25,WBHPH:HW-25,simulated_pressure_too_high,simulated_pressure_too_high,simulated_pressure_too_low,simulated_pressure_too_high,3230.881591796875,2503.66259765625,727.218994140625,22.50837653682559,-499.4491510805876,886.1026982846467,-18.57559355509756,694.509755452474,694.509755452474,27.78040140893449,True,WBHPH:HW-25,3235.99853515625,"oil,water,gas,bhp",,producer_injector,True,True,True,False,False,True,inactive_injector_zero_injection_history,False,,2621.449462890625,2621.449462890625,0.0,0.0,0.0,0.0,0.0,0.0,WWIRH:HW-25,WGIRH:HW-25,WWIR:HW-25,WGIR:HW-25,5.0,5.0
HW-26,169.00000000000003,40.0,62,62,active_or_partially_active,84.83,Good,66.45,Fair,evaluated,False,simulated_too_low,breakthrough_timing_close,0,1996-02-02 00:00:00,1996-02-02 00:00:00,81.02,24.43,93.05,,,98.51,Good,evaluated,False,,,96.18,Good,evaluated,False,45.945404052734375,58.004150390625,78.19,Fair,evaluated,0.0017714545382209333,0.008645385133717293,0.003406065663444528,0.0034060655937114886,175.03767712016128,787.1481934,1.0,1.0,1.0,1.0,0.692552549248387,4.40916729,0.692552549248387,4.40916729,0.9135672974064516,0.9094815730112904,-0.004085724395161194,0.0864327017131821,0.09051842903647951,0.004085727323297414,0.0,0.0,0.0,4240.774760612903,3811.7264837096773,-429.048276903226,0.13558751044645162,1.0,0.112622531424232,0.0018164924423263226,0.00852525845914,99.443341089421,1.6039248562809838,13.33,6.67,13.33,13.33,13.33,13.33,6.67,13.33,100.0,100.0,100.0,100.0,13.33,13.33,73.33,6.67,53.33,46.67,13.33,13.33,100.0,final_rate,active_producer_observed_oil,True,final_value_close,final_value_close,final_value_close,profile_bias_close,oil_start_timing_close,1996-02-02 00:00:00,1996-02-02 00:00:00,0,7.58001184463501,7.58001184463501,0.0,0.0,207861.484375,219796.1875,-11934.703125,-5.429895423004096,-1.4665680903455485,-6.901576149032347,0.0,0.0,WOPR:HW-26,WOPRH:HW-26,WOPT:HW-26,WOPTH:HW-26,GOR,final_value_close,breakthrough_timing_close,0,1996-02-02 00:00:00,1996-02-02 00:00:00,WGPR:HW-26,WGPRH:HW-26,WGOR:HW-26,WGORH:HW-26,final_value_close,breakthrough_timing_close,0,1996-02-02 00:00:00,1996-02-02 00:00:00,final_value_close,breakthrough_timing_close,0,1996-02-02 00:00:00,1996-02-02 00:00:00,0.7801412343978882,0.7314149737358093,evaluated,WBHP:HW-26,WBHPH:HW-26,simulated_pressure_too_high,simulated_pressure_too_high,simulated_pressure_too_low,simulated_pressure_too_high,3304.432373046875,2503.34130859375,801.091064453125,24.242925078066385,-1007.0694889840872,1133.2784508026164,-30.262559420296114,789.4683430989584,789.4683430989584,31.563938769829956,True,WBHPH:HW-26,4359.75048828125,"oil,water,gas,bhp",,producer_injector,True,True,True,False,False,True,inactive_injector_zero_injection_history,False,,79.30402374267578,60.935550689697266,0.0,0.0,0.0,0.0,0.0,0.0,WWIRH:HW-26,WGIRH:HW-26,WWIR:HW-26,WGIR:HW-26,5.0,5.0
HW-28,135.0,128.0,62,62,active_or_partially_active,72.34,Fair,20.23,Poor,evaluated,False,simulated_too_low,breakthrough_timing_close,0,1996-02-02 00:00:00,1996-02-02 00:00:00,25.71,5.17,29.1,,,100.0,Good,evaluated,False,,,98.45,Good,evaluated,False,1830.3226318359375,1775.4979248046875,70.69,Fair,evaluated,0.03488497153984457,0.5312015202153385,0.21432004571971525,0.2143200497836963,2085.43444665,15106.85156,1.0,1.0,1.0,1.0,12.118952569706451,179.8398743,12.118952569706451,179.8398743,0.8028583449982257,0.8210831511664516,0.01822480616822586,0.19714165852421642,0.17891684852494769,-0.018224809999268732,0.0,0.0,0.0,4249.064516112903,3872.1551238064517,-376.90939230645154,0.21541535781887097,1.0,2.293358963586435,0.036989660703007014,0.57472483155,2024.9886871541719,32.661107857325355,60.0,53.33,53.33,53.33,60.0,60.0,60.0,60.0,100.0,100.0,100.0,100.0,60.0,60.0,60.0,100.0,60.0,66.67,60.0,60.0,100.0,final_rate,active_producer_observed_oil,True,final_value_close,final_value_close,final_value_close,profile_bias_close,oil_start_timing_close,1996-02-02 00:00:00,1996-02-02 00:00:00,0,22.79737663269043,22.79737663269043,0.0,0.0,3717772.5,3717772.5,0.0,0.0,-2.591506294582201e-08,-6.835724230824514e-09,-3.3775965372721356e-07,-1.7704071686652234e-06,WOPR:HW-28,WOPRH:HW-28,WOPT:HW-28,WOPTH:HW-28,GOR,final_value_close,breakthrough_timing_close,0,1996-02-02 00:00:00,1996-02-02 00:00:00,WGPR:HW-28,WGPRH:HW-28,WGOR:HW-28,WGORH:HW-28,final_value_close,breakthrough_timing_close,0,1996-02-02 00:00:00,1996-02-02 00:00:00,final_value_close,breakthrough_timing_close,0,1996-02-02 00:00:00,1996-02-02 00:00:00,0.7540000081062317,0.7314149737358093,evaluated,WBHP:HW-28,WBHPH:HW-28,simulated_pressure_too_high,simulated_pressure_too_high,simulated_pressure_too_high,simulated_pressure_too_high,3825.005859375,2506.26416015625,1318.74169921875,34.476854355308895,352.25725721276325,532.9956008247707,10.625959442024536,1333.2610677083333,1333.2610677083333,53.313791910408185,True,WBHPH:HW-28,4303.8740234375,"oil,water,gas,bhp",,producer_injector,True,True,True,False,False,True,inactive_injector_zero_injection_history,False,,2427.483642578125,2427.483642578125,0.0,0.0,0.0,0.0,0.0,0.0,WWIRH:HW-28,WGIRH:HW-28,WWIR:HW-28,WGIR:HW-28,5.0,5.0
HW-29,96.99999999999999,121.0,62,62,active_or_partially_active,89.31,Good,100.0,Good,evaluated,True,negligible_matched,no_breakthrough_detected,,,,100.0,100.0,100.0,6.231936454772949,0.06025028973817825,100.0,Good,evaluated,False,,,98.45,Good,evaluated,False,4056.249755859375,3934.75048828125,58.77,Poor,evaluated,0.09480596212483891,1.02994418928927,0.3764511695195071,0.37645112876569514,6374.7440107282255,44115.02344,1.0,1.0,1.0,1.0,29.153838964377417,273.8617859,29.153838964377417,273.8617859,0.10235545399677419,0.10263581145870967,0.00028035746193548483,0.8976445448048387,0.8973641905129032,-0.000280354291935514,0.0,0.0,0.0,4131.715899096775,3455.8221081451616,-675.893790951613,0.3014486136467742,1.0,6.066740569377864,0.09785065434480426,0.980002764418,5356.738991124514,86.39901598587925,93.33,93.33,93.33,93.33,93.33,93.33,93.33,93.33,100.0,100.0,100.0,100.0,93.33,93.33,13.33,33.33,6.67,6.67,93.33,100.0,100.0,final_rate,active_producer_observed_oil,True,final_value_close,final_value_close,final_value_close,profile_bias_close,oil_start_timing_close,1996-02-02 00:00:00,1996-02-02 00:00:00,0,3332.10205078125,3332.10205078125,0.0,0.0,42916812.0,42916812.0,0.0,0.0,0.0,0.0,0.0,0.0,WOPR:HW-29,WOPRH:HW-29,WOPT:HW-29,WOPTH:HW-29,GOR,final_value_close,breakthrough_timing_close,0,1996-02-02 00:00:00,1996-02-02 00:00:00,WGPR:HW-29,WGPRH:HW-29,WGOR:HW-29,WGORH:HW-29,final_value_close,breakthrough_timing_close,0,1996-02-02 00:00:00,1996-02-02 00:00:00,final_value_close,breakthrough_timing_close,0,1996-02-02 00:00:00,1996-02-02 00:00:00,0.7540000081062317,0.7314149737358093,evaluated,WBHP:HW-29,WBHPH:HW-29,simulated_pressure_too_high,simulated_pressure_too_high,profile_bias_close,simulated_pressure_too_high,3050.729736328125,2496.680908203125,554.048828125,18.16119014173495,122.30362137504245,506.10978433360225,4.15157027482328,558.3082377115885,558.3082377115885,22.328179316279424,True,WBHPH:HW-29,3918.515625,"oil,water,gas,bhp",,producer_injector,True,True,True,False,False,True,inactive_injector_zero_injection_history,False,,5379.6416015625,5379.6416015625,0.0,0.0,0.0,0.0,0.0,0.0,WWIRH:HW-29,WGIRH:HW-29,WWIR:HW-29,WGIR:HW-29,5.0,5.0
HW-3,108.0,71.0,62,62,active_or_partially_active,85.69,Good,100.0,Good,evaluated,True,negligible_matched,no_breakthrough_detected,,,,100.0,100.0,100.0,3.4933571815490723,0.014859264716506004,100.0,Good,evaluated,False,,,98.45,Good,evaluated,False,3992.81494140625,3873.2158203125,44.31,Poor,evaluated,0.05960081202365239,0.636929702446848,0.2795643884775405,0.2795643940836073,4678.495502378387,67045.02344,1.0,1.0,1.0,1.0,20.80262633346613,249.6938171,20.80262633346613,249.6938171,0.09242094730290323,0.09287270163032257,0.0004517543274193403,0.907579049951613,0.9071272986548387,-0.00045175129677432757,0.0,0.0,0.0,4109.306361080646,3709.6301111774196,-399.6762499032261,0.266933307535,1.0,3.960672978462528,0.06388182223326658,0.753589800507,3497.195161856061,56.40637357832357,80.0,73.33,73.33,73.33,80.0,80.0,80.0,86.67,100.0,100.0,100.0,100.0,80.0,80.0,6.67,40.0,46.67,60.0,80.0,80.0,100.0,final_rate,active_producer_observed_oil,True,final_value_close,final_value_close,final_value_close,profile_bias_close,oil_start_timing_close,1996-02-02 00:00:00,1996-02-02 00:00:00,0,534.7894287109375,534.7894287109375,0.0,0.0,26913996.0,26913996.0,0.0,0.0,0.0,0.0,0.0,0.0,WOPR:HW-3,WOPRH:HW-3,WOPT:HW-3,WOPTH:HW-3,GOR,final_value_close,breakthrough_timing_close,0,1996-02-02 00:00:00,1996-02-02 00:00:00,WGPR:HW-3,WGPRH:HW-3,WGOR:HW-3,WGORH:HW-3,final_value_close,breakthrough_timing_close,0,1996-02-02 00:00:00,1996-02-02 00:00:00,final_value_close,breakthrough_timing_close,0,1996-02-02 00:00:00,1996-02-02 00:00:00,0.7540000081062317,0.7314149737358093,evaluated,WBHP:HW-3,WBHPH:HW-3,simulated_pressure_too_high,simulated_pressure_too_high,simulated_pressure_too_high,simulated_pressure_too_high,3593.0234375,2496.722412109375,1096.301025390625,30.511936380616085,429.81900223441744,732.0148162841797,15.979655894546873,1097.4987080891926,1097.4987080891926,43.941763087901975,True,WBHPH:HW-3,3237.286376953125,"oil,water,gas,bhp",,producer_injector,True,True,True,False,False,True,inactive_injector_zero_injection_history,False,,5295.5107421875,5295.5107421875,0.0,0.0,0.0,0.0,0.0,0.0,WWIRH:HW-3,WGIRH:HW-3,WWIR:HW-3,WGIR:HW-3,5.0,5.0
HW-30,90.0,139.99999999999997,62,62,active_or_partially_active,87.82,Good,100.0,Good,evaluated,True,negligible_matched,no_breakthrough_detected,,,,100.0,100.0,100.0,5.968727111816406,0.09783928096294403,100.0,Good,evaluated,False,,,98.45,Good,evaluated,False,3931.708740234375,3813.939697265625,52.84,Poor,evaluated,0.07486097380916412,0.6260213191986448,0.26677687140991857,0.26677684896935644,4344.859922324194,42504.35156,1.0,1.0,1.0,1.0,21.427648837198387,185.4242249,21.427648837198387,185.4242249,0.10663220020483871,0.10735548162725807,0.0007232814224193557,0.8933678009903225,0.892644519766129,-0.0007232812241935171,0.0,0.0,0.0,4141.0382119516125,3580.7440894354836,-560.2941225161289,0.29749829370645164,1.0,4.72659416902406,0.07623538982296871,0.625990906391,4173.44904601472,67.31369429056,86.67,66.67,66.67,66.67,86.67,86.67,66.67,80.0,100.0,100.0,100.0,100.0,86.67,86.67,20.0,53.33,26.67,33.33,86.67,93.33,100.0,final_rate,active_producer_observed_oil,True,final_value_close,final_value_close,final_value_close,profile_bias_close,oil_start_timing_close,1996-02-02 00:00:00,1996-02-02 00:00:00,0,1824.0299072265625,1824.0299072265625,0.0,0.0,47231588.0,47231588.0,0.0,0.0,0.0,0.0,0.0,0.0,WOPR:HW-30,WOPRH:HW-30,WOPT:HW-30,WOPTH:HW-30,GOR,final_value_close,breakthrough_timing_close,0,1996-02-02 00:00:00,1996-02-02 00:00:00,WGPR:HW-30,WGPRH:HW-30,WGOR:HW-30,WGORH:HW-30,final_value_close,breakthrough_timing_close,0,1996-02-02 00:00:00,1996-02-02 00:00:00,final_value_close,breakthrough_timing_close,0,1996-02-02 00:00:00,1996-02-02 00:00:00,0.7540000081062317,0.7314149737358093,evaluated,WBHP:HW-30,WBHPH:HW-30,simulated_pressure_too_high,simulated_pressure_too_high,simulated_pressure_too_low,simulated_pressure_too_high,3283.388671875,2496.623779296875,786.764892578125,23.96197865081985,-356.25333902110225,704.4979188338569,-11.223030805467577,768.8531494140625,768.8531494140625,30.755798298065823,True,WBHPH:HW-30,4204.888671875,"oil,water,gas,bhp",,producer_injector,True,True,True,False,False,True,inactive_injector_zero_injection_history,False,,5214.4677734375,5214.4677734375,0.0,0.0,0.0,0.0,0.0,0.0,WWIRH:HW-30,WGIRH:HW-30,WWIR:HW-30,WGIR:HW-30,5.0,5.0
HW-31,139.0,114.00000000000001,62,62,inactive_converted_well_no_observed_oil_or_injection,75.0,Fair,100.0,Good,inactive,True,negligible_matched,no_breakthrough_detected,,,,100.0,100.0,100.0,0.0,7.316879815520618e-15,100.0,Good,inactive,True,0.0,0.0,100.0,Good,inactive,True,0.0,0.0,0.0,Poor,evaluated,0.04798180565866303,0.6714229211003362,0.33069852006538497,0.3306985436878293,2475.9973366487097,47788.15625,1.0,1.0,1.0,1.0,16.55004963228871,214.697403,16.55004963228871,214.697403,1.0,1.0,0.0,0.0,0.0,0.0,0.0,0.0,0.0,4283.0039929032255,3880.5420591612906,-402.4619337419349,0.20485002805548386,1.0,3.260162149832454,0.05258326048116861,0.679857147007,2878.647526190666,46.42979880952687,66.67,80.0,86.67,86.67,66.67,66.67,73.33,66.67,100.0,100.0,100.0,100.0,66.67,66.67,100.0,20.0,66.67,53.33,66.67,46.67,100.0,final_rate,inactive_producer_zero_oil_history,False,inactive_no_signal,inactive_no_signal,inactive_no_signal,profile_bias_close,no_active_oil_profile,,,,0.0,0.0,,,0.0,0.0,,,0.0,0.0,0.0,0.0,WOPR:HW-31,WOPRH:HW-31,WOPT:HW-31,WOPTH:HW-31,WGPR,inactive_no_signal,no_breakthrough_detected,,,,WGPR:HW-31,WGPRH:HW-31,WGOR:HW-31,WGORH:HW-31,inactive_no_signal,no_breakthrough_detected,,,,inactive_no_signal,no_breakthrough_detected,,,,0.0,0.0,evaluated,WBHP:HW-31,WBHPH:HW-31,simulated_pressure_too_low,simulated_pressure_too_low,simulated_pressure_too_low,simulated_pressure_too_low,0.0,4633.7158203125,-4633.7158203125,-100.0,-4788.452395231828,4788.452395231828,-100.0,-4640.170491536458,4640.170491536458,-100.0,True,WBHPH:HW-31,5170.0576171875,"oil,water,gas,bhp",,producer_injector,True,True,False,True,False,True,inactive_injector_zero_injection_history,True,inactive_converted_well_no_observed_oil_or_injection,0.0,0.0,0.0,0.0,0.0,0.0,0.0,0.0,WWIRH:HW-31,WGIRH:HW-31,WWIR:HW-31,WGIR:HW-31,5.0,5.0
HW-32,122.00000000000001,106.00000000000001,62,62,active_or_partially_active,76.36,Fair,49.18,Poor,evaluated,False,final_value_close,no_breakthrough_detected,,,,59.05,29.12,54.6,,,100.0,Good,evaluated,False,,,98.45,Good,evaluated,False,3947.29833984375,3829.0625,57.8,Poor,evaluated,0.13111547739451085,1.38725493640333,0.6784104937935546,0.6784105053423115,7904.196078351612,94341.08594,1.0,1.0,1.0,1.0,40.93786799596129,488.5174255,40.93786799596129,488.5174255,0.2638192774848387,0.2673293546983871,0.0035100772135484015,0.7361807191216291,0.732670643566871,-0.0035100755547581297,0.0,0.0,0.0,4196.553773951613,3645.5821454193547,-550.9716285322584,0.2722118793137097,1.0,8.41238745011387,0.1356836685502237,1.4057811768,7427.9439552384265,119.8055476651359,100.0,100.0,100.0,100.0,100.0,100.0,100.0,100.0,100.0,100.0,100.0,100.0,100.0,100.0,40.0,86.67,40.0,40.0,100.0,86.67,100.0,final_rate,active_producer_observed_oil,True,final_value_close,final_value_close,final_value_close,profile_bias_close,oil_start_timing_close,1996-02-02 00:00:00,1996-02-02 00:00:00,0,2037.55029296875,2037.55029296875,0.0,0.0,38737580.0,38737580.0,0.0,0.0,0.0,0.0,0.0,0.0,WOPR:HW-32,WOPRH:HW-32,WOPT:HW-32,WOPTH:HW-32,GOR,final_value_close,breakthrough_timing_close,0,1996-02-02 00:00:00,1996-02-02 00:00:00,WGPR:HW-32,WGPRH:HW-32,WGOR:HW-32,WGORH:HW-32,final_value_close,breakthrough_timing_close,0,1996-02-02 00:00:00,1996-02-02 00:00:00,final_value_close,breakthrough_timing_close,0,1996-02-02 00:00:00,1996-02-02 00:00:00,0.7540000081062317,0.7314149737358093,evaluated,WBHP:HW-32,WBHPH:HW-32,simulated_pressure_too_high,simulated_pressure_too_high,simulated_pressure_too_high,simulated_pressure_too_high,3442.660888671875,2502.864013671875,939.796875,27.298560775835202,377.0069799008577,601.9794782555622,12.710126534118901,933.2796122233073,933.2796122233073,37.323964968576206,True,WBHPH:HW-32,3947.728271484375,"oil,water,gas,bhp",,producer_injector,True,True,True,False,False,True,inactive_injector_zero_injection_history,False,,5235.1435546875,5235.1435546875,0.0,0.0,0.0,0.0,0.0,0.0,WWIRH:HW-32,WGIRH:HW-32,WWIR:HW-32,WGIR:HW-32,5.0,5.0
HW-5,167.00000000000003,12.000000000000002,62,62,inactive_converted_well_no_observed_oil_or_injection,75.0,Fair,100.0,Good,inactive,True,negligible_matched,no_breakthrough_detected,,,,100.0,100.0,100.0,0.0,8.656759836046899e-16,100.0,Good,inactive,True,0.0,0.0,100.0,Good,inactive,True,0.0,0.0,0.0,Poor,evaluated,0.0009016855410108273,0.009335713434236453,0.0031882038300128663,0.0031882037604665766,125.079028005,1229.658081,1.0,1.0,1.0,1.0,0.4167434091564516,5.647361279,0.4167434091564516,5.647361279,0.9768264371780645,0.9770387688698388,0.00021233169177425903,0.023173561965097594,0.02296123201142387,-0.000212329953673724,0.0,0.0,0.0,4262.382796709678,4242.44786416129,-19.934932548387224,0.0918238294016129,1.0,0.056660376434941,0.0009138770392732419,0.0106339192812,50.030068605576,0.8069365904125161,6.67,13.33,6.67,6.67,6.67,6.67,13.33,6.67,100.0,100.0,100.0,100.0,6.67,6.67,86.67,26.67,100.0,100.0,6.67,6.67,100.0,final_rate,inactive_producer_zero_oil_history,False,inactive_no_signal,inactive_no_signal,inactive_no_signal,profile_bias_close,no_active_oil_profile,,,,0.0,0.0,,,0.0,0.0,,,0.0,0.0,0.0,0.0,WOPR:HW-5,WOPRH:HW-5,WOPT:HW-5,WOPTH:HW-5,WGPR,inactive_no_signal,no_breakthrough_detected,,,,WGPR:HW-5,WGPRH:HW-5,WGOR:HW-5,WGORH:HW-5,inactive_no_signal,no_breakthrough_detected,,,,inactive_no_signal,no_breakthrough_detected,,,,0.0,0.0,evaluated,WBHP:HW-5,WBHPH:HW-5,simulated_pressure_too_low,simulated_pressure_too_low,simulated_pressure_too_low,simulated_pressure_too_low,0.0,5425.72802734375,-5425.72802734375,-100.0,-4919.479955258576,4919.479955258576,-100.0,-5401.741312662761,5401.741312662761,-100.0,True,WBHPH:HW-5,5425.72802734375,"oil,water,gas,bhp",,producer_injector,True,True,False,True,False,True,inactive_injector_zero_injection_history,True,inactive_converted_well_no_observed_oil_or_injection,0.0,0.0,0.0,0.0,0.0,0.0,0.0,0.0,WWIRH:HW-5,WGIRH:HW-5,WWIR:HW-5,WGIR:HW-5,5.0,5.0
HW-6,120.0,40.0,62,62,active_or_partially_active,60.52,Fair,0.0,Poor,evaluated,False,unknown,no_breakthrough_detected,,,,0.0,0.0,0.0,15.839263916015625,2.40523099899292,100.0,Good,evaluated,False,,,98.45,Good,evaluated,False,3916.65771484375,3799.339599609375,43.62,Poor,evaluated,0.05595875844002366,0.7503927665540329,0.28506584788863737,0.2850658473461583,4205.087665891936,33907.58984,1.0,1.0,1.0,1.0,19.476883070458065,241.2256317,19.476883070458065,241.2256317,0.17776407579096776,0.18439693288096773,0.006632857089999972,0.8222359236209678,0.8156030653951614,-0.006632858225806393,0.0,0.0,0.0,4175.483863048387,3611.2573202741933,-564.2265427741941,0.21578334152048387,1.0,3.618051307010867,0.058355666242110756,0.762155666627,3194.657768933531,51.52673820860534,73.33,86.67,80.0,80.0,73.33,73.33,86.67,73.33,100.0,100.0,100.0,100.0,73.33,73.33,33.33,93.33,33.33,26.67,73.33,66.67,100.0,final_rate,active_producer_observed_oil,True,final_value_close,final_value_close,final_value_close,profile_bias_close,oil_start_timing_close,1996-02-02 00:00:00,1996-02-02 00:00:00,0,999.416015625,999.416015625,0.0,0.0,30435360.0,30435360.0,0.0,0.0,0.0,0.0,0.0,0.0,WOPR:HW-6,WOPRH:HW-6,WOPT:HW-6,WOPTH:HW-6,GOR,final_value_close,breakthrough_timing_close,0,1996-02-02 00:00:00,1996-02-02 00:00:00,WGPR:HW-6,WGPRH:HW-6,WGOR:HW-6,WGORH:HW-6,final_value_close,breakthrough_timing_close,0,1996-02-02 00:00:00,1996-02-02 00:00:00,final_value_close,breakthrough_timing_close,0,1996-02-02 00:00:00,1996-02-02 00:00:00,0.7540293335914612,0.7314149737358093,evaluated,WBHP:HW-6,WBHPH:HW-6,simulated_pressure_too_high,simulated_pressure_too_high,profile_bias_close,simulated_pressure_too_high,3391.138427734375,2497.016357421875,894.1220703125,26.36642795233412,13.16621730638587,584.5589931322181,0.45861676825556963,884.0530090332031,884.0530090332031,35.3790535341431,True,WBHPH:HW-6,3477.40625,"oil,water,gas,bhp",,producer_injector,True,True,True,False,False,True,inactive_injector_zero_injection_history,False,,5194.50634765625,5194.50634765625,0.0,0.0,0.0,0.0,0.0,0.0,WWIRH:HW-6,WGIRH:HW-6,WWIR:HW-6,WGIR:HW-6,5.0,5.0
HW-7,37.99999999999999,88.0,62,62,inactive_converted_well_no_observed_oil_or_injection,75.0,Fair,100.0,Good,inactive,True,negligible_matched,no_breakthrough_detected,,,,100.0,100.0,100.0,0.0,1.5135200277079585e-16,100.0,Good,inactive,True,0.0,0.0,100.0,Good,inactive,True,0.0,0.0,0.0,Poor,evaluated,0.011494206343509056,0.23371577709009442,0.1478081474151677,0.14780813971590845,408.7623372680645,3080.614502,1.0,1.0,1.0,1.0,4.3300325777629025,108.3312759,4.3300325777629025,108.3312759,0.9696572942117742,0.9703377542962903,0.0006804600845161657,0.030342705788709675,0.02966224570483871,-0.0006804600838709665,0.0,0.0,0.0,4261.7897004677425,4214.483028290322,-47.306672177420296,0.17736708925435482,1.0,0.672599558974155,0.010848379983454113,0.226148170336,593.8877731250329,9.578835050403757,33.33,33.33,40.0,40.0,26.67,26.67,33.33,20.0,100.0,100.0,100.0,100.0,33.33,33.33,80.0,46.67,86.67,93.33,26.67,20.0,100.0,final_rate,inactive_producer_zero_oil_history,False,inactive_no_signal,inactive_no_signal,inactive_no_signal,profile_bias_close,no_active_oil_profile,,,,0.0,0.0,,,0.0,0.0,,,0.0,0.0,0.0,0.0,WOPR:HW-7,WOPRH:HW-7,WOPT:HW-7,WOPTH:HW-7,WGPR,inactive_no_signal,no_breakthrough_detected,,,,WGPR:HW-7,WGPRH:HW-7,WGOR:HW-7,WGORH:HW-7,inactive_no_signal,no_breakthrough_detected,,,,inactive_no_signal,no_breakthrough_detected,,,,0.0,0.0,evaluated,WBHP:HW-7,WBHPH:HW-7,simulated_pressure_too_low,simulated_pressure_too_low,simulated_pressure_too_low,simulated_pressure_too_low,0.0,4725.07470703125,-4725.07470703125,-100.0,-4905.070629617442,4905.070629617442,-100.0,-4742.139465332031,4742.139465332031,-100.0,True,WBHPH:HW-7,5293.25048828125,"oil,water,gas,bhp",,producer_injector,True,True,False,True,False,True,inactive_injector_zero_injection_history,True,inactive_converted_well_no_observed_oil_or_injection,0.0,0.0,0.0,0.0,0.0,0.0,0.0,0.0,WWIRH:HW-7,WGIRH:HW-7,WWIR:HW-7,WGIR:HW-7,5.0,5.0
HW-8,7.0,118.0,62,62,inactive_converted_well_no_observed_oil_or_injection,75.0,Fair,100.0,Good,inactive,True,negligible_matched,no_breakthrough_detected,,,,100.0,100.0,100.0,0.0,1.4737800476194245e-15,100.0,Good,inactive,True,0.0,0.0,100.0,Good,inactive,True,0.0,0.0,0.0,Poor,evaluated,0.009511755216249406,0.07931860717981713,0.043311554008802454,0.04331155392695385,897.2392282491935,7284.273438,1.0,1.0,1.0,1.0,3.5284120472000002,30.68702888,3.5284120472000002,30.68702888,1.0,1.0,0.0,0.0,0.0,0.0,0.0,0.0,0.0,4295.900611145161,4236.8178081290325,-59.08280301612831,0.1841756141451613,1.0,0.61719868476103,0.009954817496145645,0.0960523360575,544.975272477393,8.78992374963537,20.0,26.67,26.67,26.67,20.0,20.0,26.67,26.67,100.0,100.0,100.0,100.0,20.0,20.0,100.0,20.0,93.33,86.67,20.0,26.67,100.0,final_rate,inactive_producer_zero_oil_history,False,inactive_no_signal,inactive_no_signal,inactive_no_signal,profile_bias_close,no_active_oil_profile,,,,0.0,0.0,,,0.0,0.0,,,0.0,0.0,0.0,0.0,WOPR:HW-8,WOPRH:HW-8,WOPT:HW-8,WOPTH:HW-8,WGPR,inactive_no_signal,no_breakthrough_detected,,,,WGPR:HW-8,WGPRH:HW-8,WGOR:HW-8,WGORH:HW-8,inactive_no_signal,no_breakthrough_detected,,,,inactive_no_signal,no_breakthrough_detected,,,,0.0,0.0,evaluated,WBHP:HW-8,WBHPH:HW-8,simulated_pressure_too_low,simulated_pressure_too_low,simulated_pressure_too_low,simulated_pressure_too_low,0.0,5291.056640625,-5291.056640625,-100.0,-4992.695503566576,4992.695503566576,-100.0,-5301.699320475261,5301.699320475261,-100.0,True,WBHPH:HW-8,5369.19091796875,"oil,water,gas,bhp",,producer_injector,True,True,False,True,False,True,inactive_injector_zero_injection_history,True,inactive_converted_well_no_observed_oil_or_injection,0.0,0.0,0.0,0.0,0.0,0.0,0.0,0.0,WWIRH:HW-8,WGIRH:HW-8,WWIR:HW-8,WGIR:HW-8,5.0,5.0
HW-9,22.0,181.99999999999997,62,62,active_or_partially_active,83.32,Good,62.73,Fair,evaluated,False,simulated_too_low,breakthrough_timing_close,0,1996-02-02 00:00:00,1996-02-02 00:00:00,93.98,33.95,27.77,,,100.0,Good,evaluated,False,,,98.45,Good,evaluated,False,643.5391235351562,624.2628173828125,72.09,Fair,evaluated,0.0251741023462148,0.5410746466764443,0.25643304208072126,0.2564330429939121,1454.9010930567742,19378.81641,1.0,1.0,1.0,1.0,9.69880297612742,184.7055664,9.69880297612742,184.7055664,0.850315887088871,0.8516951514906451,0.0013792644017741607,0.14968411436524612,0.14830484752257095,-0.0013792668426751697,0.0,0.0,0.0,4249.513986854839,3885.0815627258066,-364.4324241290319,0.18671088521370968,1.0,1.649274528037216,0.02660120206511639,0.573375735298,1456.279797795644,23.488383835413615,53.33,60.0,60.0,60.0,53.33,53.33,53.33,53.33,100.0,100.0,100.0,100.0,53.33,53.33,66.67,60.0,73.33,73.33,53.33,33.33,100.0,final_rate,active_producer_observed_oil,True,final_value_close,final_value_close,final_value_close,profile_bias_close,oil_start_timing_close,1996-02-02 00:00:00,1996-02-02 00:00:00,0,471.2218322753906,471.2218322753906,0.0,0.0,3105861.0,3105861.0,0.0,0.0,-1.1402627696161685e-05,-3.8895846840813405e-06,-2.288818359375e-05,-4.58820615271104e-06,WOPR:HW-9,WOPRH:HW-9,WOPT:HW-9,WOPTH:HW-9,GOR,final_value_close,breakthrough_timing_close,0,1996-02-02 00:00:00,1996-02-02 00:00:00,WGPR:HW-9,WGPRH:HW-9,WGOR:HW-9,WGORH:HW-9,final_value_close,breakthrough_timing_close,0,1996-02-02 00:00:00,1996-02-02 00:00:00,final_value_close,breakthrough_timing_close,0,1996-02-02 00:00:00,1996-02-02 00:00:00,0.7540000081062317,0.7314149737358093,evaluated,WBHP:HW-9,WBHPH:HW-9,simulated_pressure_too_high,simulated_pressure_too_high,simulated_pressure_too_high,simulated_pressure_too_high,3564.503662109375,2505.859130859375,1058.64453125,29.699633710672735,192.23103730574897,862.6646642270296,5.341452687332735,1060.1598103841145,1060.1598103841145,42.40696943727945,True,WBHPH:HW-9,4971.732421875,"oil,water,gas,bhp",,producer_injector,True,True,True,False,False,True,inactive_injector_zero_injection_history,False,,853.5001220703125,853.5001220703125,0.0,0.0,0.0,0.0,0.0,0.0,WWIRH:HW-9,WGIRH:HW-9,WWIR:HW-9,WGIR:HW-9,5.0,5.0
